,PastAsPresent MSE,PastAsPresent QL
AUDUSD,0.0006762439571511915,0.024844393469858735
CADUSD,0.00026852126509090347,0.02128572264359108
CHFUSD,0.0005195534408411514,0.023536973522057338
EURUSD,0.0005673214494311793,0.031828938762418275
GBPUSD,0.0004548886199696299,0.030270173875541373
NOKUSD,0.0005431835841249871,0.01883139582850147
NZDUSD,0.0006508206883044955,0.02373859614976123
