,PaP MSE,PaP QL
AUDUSD,0.0006771904219948116,0.024809775340276896
CADUSD,0.0002697336141709282,0.021262608265123703
