,BRR MSE,BRR QL,Optimal alpha1,Optimal alpha2,Optimal lambda1,Optimal lambda2
AUDUSD,0.0004829488797563018,0.017681958166359573,0.006737946999085467,7.38905609893065,7.38905609893065,1.0
CADUSD,0.0001896602365061812,0.014839391362865493,0.006737946999085467,7.38905609893065,7.38905609893065,0.36787944117144233
CHFUSD,0.00036270034056470006,0.017978734123778477,0.006737946999085467,2.718281828459045,7.38905609893065,0.1353352832366127
EURUSD,0.00040625337543454194,0.021998049315388898,0.006737946999085467,7.38905609893065,7.38905609893065,0.36787944117144233
GBPUSD,0.00029893307979509683,0.022456724685330155,7.38905609893065,0.006737946999085467,0.006737946999085467,7.38905609893065
NOKUSD,0.00041285143377612406,0.014199610428176109,0.006737946999085467,7.38905609893065,7.38905609893065,0.36787944117144233
NZDUSD,0.00047516947745604356,0.01688592333598774,7.38905609893065,0.006737946999085467,0.006737946999085467,7.38905609893065
