,SumMSE,SumQL,Volatility_Time,Volatility_Time.1,Volatility_Time.2,Volatility_Time.3,Volatility_Time.4,Volatility_Time.5,Volatility_Time.6,optimal_log_alpha
0,0.0025885778049416744,,0.0004748930763808062,0.00018465313394754694,0.00035414900099628834,0.0004086636162630789,0.00029958426179873225,0.0004077532333188321,0.0004588814822363898,
0,,0.12435396524753022,0.017316382903201033,0.014358017301272782,0.017391400833991502,0.022130550569161724,0.022535392058186794,0.014168974743389084,0.01645324683832729,
0,,,,,,,,,,0.5
