,MSE,QL
AUDUSD,0.000597791,0.023690068
CADUSD,0.000263933,0.021770729
CHFUSD,0.000536505,0.025308047
EURUSD,0.000417133,0.024225096
GBPUSD,0.000575687,0.042972062
JPYUSD,0.002329396,0.060720497
NOKUSD,0.000482122,0.017390876
NZDUSD,0.000616344,0.020865343
SEKUSD,0.000488798,0.01211215
Sum of MSE/QL,0.006307708,0.249054869
