,LinearReg MSE,LinearReg QL,Optimal n
AUDUSD,0.000540654,0.019760716,2
CADUSD,0.00018894,0.014794577,7
CHFUSD,0.00037951,0.01874661,4
EURUSD,0.000407624,0.022086083,5
GBPUSD,0.000285915,0.021664523,15
NOKUSD,0.000452403,0.015534075,3
NZDUSD,0.000549235,0.019211466,2
Sum,0.002804282,0.131798051,
