,LinearReg MSE,LinearReg QL,Optimal n
AUDUSD,0.000540654,0.019760716,2
CADUSD,0.00018894,0.014794577,7
CHFUSD,0.00037951,0.01874661,4
EURUSD,0.000407713,0.022188511,7
GBPUSD,0.00028773,0.021743918,7
NOKUSD,0.000476208,0.016228195,2
NZDUSD,0.000549235,0.019211466,2
Sum,0.00282999,0.132673993,
