,LinearReg MSE,LinearReg QL,Optimal n
AUDUSD,0.000483889,0.017756279,9
CADUSD,0.00018894,0.014794577,7
CHFUSD,0.000352266,0.017405129,7
EURUSD,0.000407713,0.022188511,7
GBPUSD,0.00028773,0.021743918,7
NOKUSD,0.000476208,0.016228195,2
NZDUSD,0.000466209,0.016723342,9
Sum,0.002662954,0.126839951,
