,LinearReg MSE,LinearReg QL,Optimal n
AUDUSD,0.0006762439571511915,0.024844393469858735,9
CADUSD,0.00026852126509090347,0.02128572264359108,7
CHFUSD,0.0005195534408411514,0.023536973522057338,7
EURUSD,0.0005673214494311793,0.031828938762418275,7
GBPUSD,0.0004548886199696299,0.030270173875541373,7
NOKUSD,0.0005431835841249871,0.01883139582850147,7
NZDUSD,0.0006508206883044955,0.02373859614976123,10
