,LinearReg MSE,LinearReg QL,Optimal n
AUDUSD,0.000483415,0.017701622,5
CADUSD,0.000184498,0.014508011,10
CHFUSD,0.00037951,0.01874661,4
EURUSD,0.000407847,0.022152046,8
GBPUSD,0.00028798,0.021847288,9
NOKUSD,0.000402783,0.01393892,7
NZDUSD,0.000461915,0.016573085,10
Sum,0.002607946,0.125467582,
