,LinearReg MSE,LinearReg QL,Optimal n
AUDUSD,0.000483415,0.017701622,5
CADUSD,0.000183301,0.014503611,11
CHFUSD,0.00037951,0.01874661,4
EURUSD,0.000407847,0.022152046,8
GBPUSD,0.000308363,0.023095597,4
NOKUSD,0.000413497,0.014214178,5
NZDUSD,0.000466209,0.016723342,9
Sum,0.00264214,0.127137007,
